modelo,levenshtein,wer,cer,tiempo_procesamiento_seg,tiempo_grabacion_seg,relacion_proc_vs_grab,levenshtein_norm
base,407.3333333333333,0.8151950751265331,0.4578757890589978,17.21139129002889,76.29333333333334,0.2478732939511772,1.0
small,359.3333333333333,0.6399313410376338,0.3804396242599078,45.525905529658,76.29333333333334,0.5480989872924916,0.8821603927986906
medium,256.0,0.5430099714992656,0.2870660106219231,86.37506453196208,76.29333333333334,1.136104688685826,0.6284779050736498
large,224.0,0.5135212728379567,0.2469568404453506,149.85603968302408,76.29333333333334,1.981907146778812,0.5499181669394435
