modelo,levenshtein,wer,cer,levenshtein_norm,tiempo_procesamiento_seg,tiempo_grabacion_seg,relacion_proc_vs_grab
openai_whisper_api,445.3333333333333,0.6435646210103774,0.44262976119335695,1.0,9.229888518651327,76.29333333333334,0.10368205741550836
base,407.3333333333333,0.8151950751265331,0.4578757890589978,0.9146706586826348,17.21139129002889,76.29333333333334,0.2478732939511772
small,359.3333333333333,0.6399313410376338,0.3804396242599078,0.8068862275449101,45.525905529658,76.29333333333334,0.5480989872924916
medium,256.0,0.5430099714992656,0.2870660106219231,0.5748502994011976,86.37506453196208,76.29333333333334,1.136104688685826
large,224.0,0.5135212728379567,0.2469568404453506,0.5029940119760479,149.85603968302408,76.29333333333334,1.981907146778812
