modelo,levenshtein,wer,cer,tiempo,levenshtein_norm
base,410.3333333333333,0.8064231453019716,0.46263769382090253,16.174583435058594,1.0
large,224.0,0.5135212728379567,0.2469568404453506,153.1192887624105,0.545897644191714
medium,256.0,0.5430099714992656,0.2870660106219231,84.61423738797505,0.6238830219333875
small,353.6666666666667,0.6441866601865701,0.375909914694227,43.19406898816427,0.8619008935824534
