modelo,levenshtein,wer,cer,levenshtein_norm,tiempo_procesamiento_seg,tiempo_grabacion_seg,relacion_proc_vs_grab
openai_whisper_api,375.0,0.6123589472515121,0.3864080718781424,0.9014423076923077,21.338154792785645,76.29333333333334,0.31902964584671284
base,405.6666666666667,0.794727238869223,0.45523028641349517,0.9751602564102565,13.992672046025595,76.29333333333334,0.19127328496653953
small,416.0,0.6810660928106835,0.4257367199167157,1.0,52.590211947758995,76.29333333333334,0.6279994732068898
medium,256.0,0.5430099714992656,0.2870660106219231,0.6153846153846154,92.82362349828084,76.29333333333334,1.224949383153911
large,224.0,0.5135212728379567,0.2469568404453506,0.5384615384615384,169.3668090502421,76.29333333333334,2.238550328873068
